{"I": [0.8153042435002682, 0.5654008168221251], "H": [0.1250889969825365, 0.5623784035970162], "J": [0.23063435774622304, 0.1069734525549948], "D": [-0.3090132191927946, 0.7796400440277348], "A": [-0.3171052620048605, 0.08199376129367783], "E": [0.5556467511987563, -0.015397094465491198], "C": [-0.18182353903853282, -0.21566060012589522], "B": [-0.2847997305864544, -0.8077505159100274], "F": [-1.0, -0.17980763410111128], "G": [0.3660674013948588, -0.8777706336930232]}