{"E": [0.6300535454403251, 0.47495170413329624], "H": [-0.11619764610030205, 0.8277395916451133], "J": [-0.08612350419145166, -0.1197875085891986], "F": [0.49375596318518694, 0.011808303207708384], "B": [0.12210386713471778, 0.4792248418855539], "D": [-0.9999999999999999, -0.365548260174188], "I": [-0.3055547376199556, -0.6095394696807753], "G": [0.5364421498832197, -0.3287664649215677], "C": [0.41616997992524757, -0.6484833411308577], "A": [-0.6906496176569881, 0.2784006036249165]}