{"D": [0.1526529810275973, 0.0694714564891861], "E": [-0.5336283540372824, -0.24284172419057304], "B": [-0.5848463879095523, 0.4641624670519411], "C": [-0.03417823908076273, -0.7458633057817743], "A": [1.0, 0.4550711064312206]}